{
    "results": {
        "belebele_eng_Latn": {
            "alias": "belebele_eng_Latn",
            "acc,none": 0.88,
            "acc_stderr,none": 0.01083807403189327,
            "acc_norm,none": 0.88,
            "acc_norm_stderr,none": 0.01083807403189327
        },
        "belebele_fra_Latn": {
            "alias": "belebele_fra_Latn",
            "acc,none": 0.8244444444444444,
            "acc_stderr,none": 0.012688437383538151,
            "acc_norm,none": 0.8244444444444444,
            "acc_norm_stderr,none": 0.012688437383538151
        },
        "belebele_ind_Latn": {
            "alias": "belebele_ind_Latn",
            "acc,none": 0.7844444444444445,
            "acc_stderr,none": 0.01371452783236968,
            "acc_norm,none": 0.7844444444444445,
            "acc_norm_stderr,none": 0.01371452783236968
        },
        "belebele_por_Latn": {
            "alias": "belebele_por_Latn",
            "acc,none": 0.8311111111111111,
            "acc_stderr,none": 0.012495402139871917,
            "acc_norm,none": 0.8311111111111111,
            "acc_norm_stderr,none": 0.012495402139871917
        },
        "belebele_spa_Latn": {
            "alias": "belebele_spa_Latn",
            "acc,none": 0.8177777777777778,
            "acc_stderr,none": 0.01287474025141048,
            "acc_norm,none": 0.8177777777777778,
            "acc_norm_stderr,none": 0.01287474025141048
        },
        "belebele_tur_Latn": {
            "alias": "belebele_tur_Latn",
            "acc,none": 0.7611111111111111,
            "acc_stderr,none": 0.014221393731276186,
            "acc_norm,none": 0.7611111111111111,
            "acc_norm_stderr,none": 0.014221393731276186
        },
        "belebele_zho_Hans": {
            "alias": "belebele_zho_Hans",
            "acc,none": 0.8544444444444445,
            "acc_stderr,none": 0.011761872368144811,
            "acc_norm,none": 0.8544444444444445,
            "acc_norm_stderr,none": 0.011761872368144811
        }
    },
    "group_subtasks": {
        "belebele_eng_Latn": [],
        "belebele_zho_Hans": [],
        "belebele_spa_Latn": [],
        "belebele_ind_Latn": [],
        "belebele_fra_Latn": [],
        "belebele_por_Latn": [],
        "belebele_tur_Latn": []
    },
    "configs": {
        "belebele_eng_Latn": {
            "task": "belebele_eng_Latn",
            "dataset_path": "facebook/belebele",
            "dataset_name": "eng_Latn",
            "test_split": "test",
            "fewshot_split": "test",
            "doc_to_text": "P: {{flores_passage}}\nQ: {{question.strip()}}\nA: {{mc_answer1}}\nB: {{mc_answer2}}\nC: {{mc_answer3}}\nD: {{mc_answer4}}\nAnswer:",
            "doc_to_target": "{{['1', '2', '3', '4'].index(correct_answer_num)}}",
            "doc_to_choice": [
                "A",
                "B",
                "C",
                "D"
            ],
            "description": "",
            "target_delimiter": " ",
            "fewshot_delimiter": "\n\n",
            "fewshot_config": {
                "sampler": "first_n"
            },
            "num_fewshot": 5,
            "metric_list": [
                {
                    "metric": "acc",
                    "aggregation": "mean",
                    "higher_is_better": true
                },
                {
                    "metric": "acc_norm",
                    "aggregation": "mean",
                    "higher_is_better": true
                }
            ],
            "output_type": "multiple_choice",
            "repeats": 1,
            "should_decontaminate": true,
            "doc_to_decontamination_query": "{{question}}",
            "metadata": {
                "version": 0.0
            }
        },
        "belebele_fra_Latn": {
            "task": "belebele_fra_Latn",
            "dataset_path": "facebook/belebele",
            "dataset_name": "fra_Latn",
            "test_split": "test",
            "fewshot_split": "test",
            "doc_to_text": "P: {{flores_passage}}\nQ: {{question.strip()}}\nA: {{mc_answer1}}\nB: {{mc_answer2}}\nC: {{mc_answer3}}\nD: {{mc_answer4}}\nAnswer:",
            "doc_to_target": "{{['1', '2', '3', '4'].index(correct_answer_num)}}",
            "doc_to_choice": [
                "A",
                "B",
                "C",
                "D"
            ],
            "description": "",
            "target_delimiter": " ",
            "fewshot_delimiter": "\n\n",
            "fewshot_config": {
                "sampler": "first_n"
            },
            "num_fewshot": 5,
            "metric_list": [
                {
                    "metric": "acc",
                    "aggregation": "mean",
                    "higher_is_better": true
                },
                {
                    "metric": "acc_norm",
                    "aggregation": "mean",
                    "higher_is_better": true
                }
            ],
            "output_type": "multiple_choice",
            "repeats": 1,
            "should_decontaminate": true,
            "doc_to_decontamination_query": "{{question}}",
            "metadata": {
                "version": 0.0
            }
        },
        "belebele_ind_Latn": {
            "task": "belebele_ind_Latn",
            "dataset_path": "facebook/belebele",
            "dataset_name": "ind_Latn",
            "test_split": "test",
            "fewshot_split": "test",
            "doc_to_text": "P: {{flores_passage}}\nQ: {{question.strip()}}\nA: {{mc_answer1}}\nB: {{mc_answer2}}\nC: {{mc_answer3}}\nD: {{mc_answer4}}\nAnswer:",
            "doc_to_target": "{{['1', '2', '3', '4'].index(correct_answer_num)}}",
            "doc_to_choice": [
                "A",
                "B",
                "C",
                "D"
            ],
            "description": "",
            "target_delimiter": " ",
            "fewshot_delimiter": "\n\n",
            "fewshot_config": {
                "sampler": "first_n"
            },
            "num_fewshot": 5,
            "metric_list": [
                {
                    "metric": "acc",
                    "aggregation": "mean",
                    "higher_is_better": true
                },
                {
                    "metric": "acc_norm",
                    "aggregation": "mean",
                    "higher_is_better": true
                }
            ],
            "output_type": "multiple_choice",
            "repeats": 1,
            "should_decontaminate": true,
            "doc_to_decontamination_query": "{{question}}",
            "metadata": {
                "version": 0.0
            }
        },
        "belebele_por_Latn": {
            "task": "belebele_por_Latn",
            "dataset_path": "facebook/belebele",
            "dataset_name": "por_Latn",
            "test_split": "test",
            "fewshot_split": "test",
            "doc_to_text": "P: {{flores_passage}}\nQ: {{question.strip()}}\nA: {{mc_answer1}}\nB: {{mc_answer2}}\nC: {{mc_answer3}}\nD: {{mc_answer4}}\nAnswer:",
            "doc_to_target": "{{['1', '2', '3', '4'].index(correct_answer_num)}}",
            "doc_to_choice": [
                "A",
                "B",
                "C",
                "D"
            ],
            "description": "",
            "target_delimiter": " ",
            "fewshot_delimiter": "\n\n",
            "fewshot_config": {
                "sampler": "first_n"
            },
            "num_fewshot": 5,
            "metric_list": [
                {
                    "metric": "acc",
                    "aggregation": "mean",
                    "higher_is_better": true
                },
                {
                    "metric": "acc_norm",
                    "aggregation": "mean",
                    "higher_is_better": true
                }
            ],
            "output_type": "multiple_choice",
            "repeats": 1,
            "should_decontaminate": true,