{
    "results": {
        "hellaswag_en": {
            "alias": "hellaswag_en",
            "acc,none": 0.5391759180187874,
            "acc_stderr,none": 0.005150300467161139,
            "acc_norm,none": 0.7211784799316823,
            "acc_norm_stderr,none": 0.004633234319100938
        },
        "hellaswag_es": {
            "alias": "hellaswag_es",
            "acc,none": 0.4272455728611052,
            "acc_stderr,none": 0.005109562367033152,
            "acc_norm,none": 0.5705141881800725,
            "acc_norm_stderr,none": 0.005112912104395334
        },
        "hellaswag_fr": {
            "alias": "hellaswag_fr",
            "acc,none": 0.4241807667594774,
            "acc_stderr,none": 0.005114637876044463,
            "acc_norm,none": 0.5656457485542943,
            "acc_norm_stderr,none": 0.005129684120180628
        },
        "hellaswag_id": {
            "alias": "hellaswag_id",
            "acc,none": 0.36772600386514925,
            "acc_stderr,none": 0.00499654761027512,
            "acc_norm,none": 0.47068928494739104,
            "acc_norm_stderr,none": 0.005172228432122454
        },
        "hellaswag_pt": {
            "alias": "hellaswag_pt",
            "acc,none": 0.41662151912449885,
            "acc_stderr,none": 0.005132066305604259,
            "acc_norm,none": 0.5557481850688049,
            "acc_norm_stderr,none": 0.005172492135080039
        },
        "hellaswag_tr": {
            "alias": "hellaswag_tr",
            "acc,none": 0.3811373369186336,
            "acc_stderr,none": 0.004846977816815002,
            "acc_norm,none": 0.48331839458221293,
            "acc_norm_stderr,none": 0.004987251916372315
        },
        "hellaswag_zh": {
            "alias": "hellaswag_zh",
            "acc,none": 0.42456291819555364,
            "acc_stderr,none": 0.005135080314026393,
            "acc_norm,none": 0.5712281459097777,
            "acc_norm_stderr,none": 0.005141563712808665
        }
    },
    "group_subtasks": {
        "hellaswag_en": [],
        "hellaswag_zh": [],
        "hellaswag_es": [],
        "hellaswag_id": [],
        "hellaswag_fr": [],
        "hellaswag_pt": [],
        "hellaswag_tr": []
    },
    "configs": {
        "hellaswag_en": {
            "task": "hellaswag_en",
            "tag": [
                "hellaswag_multilingual"
            ],
            "dataset_path": "alexandrainst/m_hellaswag",
            "dataset_name": "en",
            "validation_split": "val",
            "process_docs": "def process_docs(dataset: datasets.Dataset) -> datasets.Dataset:\n    def _process_doc(doc):\n        ctx = doc[\"ctx_a\"] + \" \" + doc[\"ctx_b\"].capitalize()\n        out_doc = {\n            \"query\": preprocess(doc[\"activity_label\"] + \": \" + ctx),\n            \"choices\": [preprocess(ending) for ending in doc[\"endings\"]],\n            \"gold\": int(doc[\"label\"]),\n        }\n        return out_doc\n\n    return dataset.map(_process_doc)\n",
            "doc_to_text": "query",
            "doc_to_target": "{{label.lstrip()}}",
            "doc_to_choice": "choices",
            "description": "",
            "target_delimiter": " ",
            "fewshot_delimiter": "\n\n",
            "num_fewshot": 10,
            "metric_list": [
                {
                    "metric": "acc",
                    "aggregation": "mean",
                    "higher_is_better": true
                },
                {
                    "metric": "acc_norm",
                    "aggregation": "mean",
                    "higher_is_better": true
                }
            ],
            "output_type": "multiple_choice",
            "repeats": 1,
            "should_decontaminate": false,
            "metadata": {
                "version": 1.0
            }
        },
        "hellaswag_es": {
            "task": "hellaswag_es",
            "tag": [
                "hellaswag_multilingual"
            ],
            "dataset_path": "alexandrainst/m_hellaswag",
            "dataset_name": "es",
            "validation_split": "val",
            "process_docs": "def process_docs(dataset: datasets.Dataset) -> datasets.Dataset:\n    def _process_doc(doc):\n        ctx = doc[\"ctx_a\"] + \" \" + doc[\"ctx_b\"].capitalize()\n        out_doc = {\n            \"query\": preprocess(doc[\"activity_label\"] + \": \" + ctx),\n            \"choices\": [preprocess(ending) for ending in doc[\"endings\"]],\n            \"gold\": int(doc[\"label\"]),\n        }\n        return out_doc\n\n    return dataset.map(_process_doc)\n",
            "doc_to_text": "query",
            "doc_to_target": "{{label.lstrip()}}",
            "doc_to_choice": "choices",
            "description": "",
            "target_delimiter": " ",
            "fewshot_delimiter": "\n\n",
            "num_fewshot": 10,
            "metric_list": [
                {
                    "metric": "acc",
                    "aggregation": "mean",
                    "higher_is_better": true
                },
                {
                    "metric": "acc_norm",
                    "aggregation": "mean",
                    "higher_is_better": true
                }
            ],
            "output_type": "multiple_choice",
            "repeats": 1,
            "should_decontaminate": false,
            "metadata": {
                "version": 1.0
            }
        },
        "hellaswag_fr": {
            "task": "hellaswag_fr",
            "tag": [
                "hellaswag_multilingual"
            ],
            "dataset_path": "alexandrainst/m_hellaswag",
            "dataset_name": "fr",
            "validation_split": "val",
            "process_docs": "def process_docs(dataset: datasets.Dataset) -> datasets.Dataset:\n    def _process_doc(doc):\n        ctx = doc[\"ctx_a\"] + \" \" + doc[\"ctx_b\"].capitalize()\n        out_doc = {\n            \"query\": preprocess(doc[\"activity_label\"] + \": \" + ctx),\n            \"choices\": [preprocess(ending) for ending in doc[\"endings\"]],\n            \"gold\": int(doc[\"label\"]),\n        }\n        return out_doc\n\n    return dataset.map(_process_doc)\n",
            "doc_to_text": "query",
            "doc_to_target": "{{label.lstrip()}}",
            "doc_to_choice": "choices",
            "description": "",
            "target_delimiter": " ",
            "fewshot_delimiter": "\n\n",
            "num_fewshot": 10,
            "metric_list": [
                {
                    "metric": "acc",
                    "aggregation": "mean",
                    "higher_is_better": true
                },
                {
                    "metric": "acc_norm",
                    "aggregation": "mean",
                    "higher_is_better": true
                }
            ],
            "output_type": "multiple_choice",
            "repeats": 1,
            "should_decontaminate": false,
            "metadata": {
                "version": 1.0
            }
        },
        "hellaswag_id": {
            "task": "hellaswag_id",
            "tag": [
                "hellaswag_multilingual"
            ],
            "dataset_path": "alexandrainst/m_hellaswag",
            "dataset_name": "id",
            "validation_split": "val",
            "process_docs": "def process_docs(dataset: datasets.Dataset) -> datasets.Dataset:\n    def _process_doc(doc):\n        ctx = doc[\"ctx_a\"] + \" \" + doc[\"ctx_b\"].capitalize()\n        out_doc = {\n            \"query\": preprocess(doc[\"activity_label\"] + \": \" + ctx),\n            \"choices\": [preprocess(ending) for ending in doc[\"endings\"]],\n            \"gold\": int(doc[\"label\"]),\n        }\n        return out_doc\n\n    return dataset.map(_process_doc)\n",
            "doc_to_text": "query",
            "doc_to_target": "{{label.lstrip()}}",
            "doc_to_choice": "choices",
            "description": "",
            "target_delimiter": " ",
            "fewshot_delimiter": "\n\n",